horizon,metric,reference_A,candidate_B,value_A,value_B,pct_reduction,ci_low,ci_high,ci_excludes_0
0,RMSE,B_persistence,XGB_case_weather_pois,2.910628935014251,2.2948663962363502,21.155652353015785,-1.5722030888534815,23.12806843946954,False
0,RMSE,A_all_zero,XGB_case_weather_pois,2.601031612361715,2.2948663962363502,11.77091484279844,9.212409243617465,26.359731369471703,True
0,MAE,B_persistence,XGB_case_weather_pois,0.5830564784053156,0.5585433706715456,4.204242409039758,-5.675079893284106,11.651347266645978,False
0,MAE,A_all_zero,XGB_case_weather_pois,0.5485880398671097,0.5585433706715456,-1.8147188930417582,-14.793719080010565,6.576611416144636,False
0,MAE,A_all_zero,XGB_full_pois,0.5485880398671097,0.5400310204011632,1.5598261070400485,-11.550110114114789,9.87254392380506,False
0,RMSE,C_poisson_regression,XGB_case_weather_pois,2.4563679733756625,2.2948663962363502,6.574812035078311,-3.5782919535710547,13.451451258607555,False
0,Deviance,XGB_case_only_pois,XGB_case_weather_pois,1.2469033076816713,1.1125942412104404,10.771409911563042,4.738252424924334,14.6926306529477,True
0,Deviance,XGB_case_weather_pois,XGB_full_pois,1.1125942412104404,1.1157722620583463,-0.28564059835942185,-9.996544673688627,6.982694961741471,False
0,Deviance,XGB_full_pois,CAT_full_pois,1.1157722620583463,1.1094616909857824,0.5655787732993445,-3.2271632488418787,5.697255995450906,False
0,RMSE,XGB_case_weather_pois,XGB_full_pois,2.2948663962363502,2.341948167428527,-2.051612733072053,-3.751073385807923,4.166646106793799,False
1,RMSE,B_persistence,XGB_case_weather_pois,3.301304544481528,2.43238798065136,26.320400075862487,0.593911102076127,28.100121059389767,True
1,RMSE,A_all_zero,XGB_case_weather_pois,2.6116627843096922,2.43238798065136,6.864393241553874,4.687418609840579,20.95517824526036,True
1,MAE,B_persistence,XGB_case_weather_pois,0.6293647454774927,0.5838465748129896,7.2323991757703014,-7.269141333798942,15.468261696254864,False
1,MAE,A_all_zero,XGB_case_weather_pois,0.5464871687000421,0.5838465748129896,-6.836282396495479,-20.29835556377556,1.5072005491692073,False
1,MAE,A_all_zero,XGB_full_pois,0.5464871687000421,0.560464991160994,-2.55775858273154,-17.23531385795689,6.110863782857832,False
1,RMSE,C_poisson_regression,XGB_case_weather_pois,2.472534036359013,2.43238798065136,1.6236806093383924,-0.7029532807333101,7.586714962535844,False
1,Deviance,XGB_case_only_pois,XGB_case_weather_pois,1.6353873953754523,1.310908598318829,19.841096854126686,7.49287711226472,25.998836503419678,True
1,Deviance,XGB_case_weather_pois,XGB_full_pois,1.310908598318829,1.2576188202083474,4.06510249294444,-0.39261783262189104,9.82365461774662,False
1,Deviance,XGB_full_pois,CAT_full_pois,1.2576188202083474,1.279337548291408,-1.7269722537598902,-4.272109076230098,2.1980646762477525,False
1,RMSE,XGB_case_weather_pois,XGB_full_pois,2.43238798065136,2.4297288762800506,0.10932073305991541,-1.7022820134873298,3.1845556365200647,False
2,RMSE,B_persistence,XGB_case_weather_pois,3.37932886792821,2.485678966306694,26.44459703530993,0.7439835369326394,28.08044056193223,True
2,RMSE,A_all_zero,XGB_case_weather_pois,2.6278883350418973,2.485678966306694,5.411545339993917,3.4733263425011014,16.82750949909246,True
2,MAE,B_persistence,XGB_case_weather_pois,0.6807331628303496,0.6168713458017379,9.381328913533066,-7.0572133773987575,18.192936614469943,False
2,MAE,A_all_zero,XGB_case_weather_pois,0.5502983802216539,0.6168713458017379,-12.097612490385513,-29.12085759535817,-1.7900855662121493,True
2,MAE,A_all_zero,XGB_full_pois,0.5502983802216539,0.5855455114942867,-6.405094497722427,-24.40861675133413,4.200206137949971,False
2,RMSE,C_poisson_regression,XGB_case_weather_pois,2.4995159668336804,2.485678966306694,0.5535872029061248,-4.388502552672491,3.5359873942390365,False
2,Deviance,XGB_case_only_pois,XGB_case_weather_pois,1.6580688158639674,1.4263347367085861,13.976143627948995,5.459719971475945,18.967158467113226,True
2,Deviance,XGB_case_weather_pois,XGB_full_pois,1.4263347367085861,1.3557499960255919,4.948679918283123,0.11427301650634082,11.378324990133233,True
2,Deviance,XGB_full_pois,CAT_full_pois,1.3557499960255919,1.4302800237125521,-5.4973282615118215,-9.464445659834226,0.08424680835950948,False
2,RMSE,XGB_case_weather_pois,XGB_full_pois,2.485678966306694,2.481897630880418,0.15212485109829427,-2.592275980369955,3.595103577625474,False
3,RMSE,B_persistence,XGB_case_weather_pois,3.421629315079487,2.5348554505502894,25.916713438860555,-0.32917214818880924,27.15464139037841,False
3,RMSE,A_all_zero,XGB_case_weather_pois,2.6379601246438464,2.5348554505502894,3.9085000993893844,1.9239352252897386,18.348038631429116,True
3,MAE,B_persistence,XGB_case_weather_pois,0.6938250428816467,0.6548507748248366,5.617304889275727,-9.941128585659012,12.216628997166856,False
3,MAE,A_all_zero,XGB_case_weather_pois,0.5540308747855918,0.6548507748248366,-18.197523753213535,-34.113411751287124,-5.716743912289616,True
3,MAE,A_all_zero,XGB_full_pois,0.5540308747855918,0.6260618260968955,-13.001252202628514,-30.235032749692415,-0.45366207361460287,True
3,RMSE,C_poisson_regression,XGB_case_weather_pois,2.521683750545809,2.5348554505502894,-0.5223375057094078,-3.29831493675782,6.18429120795962,False
3,Deviance,XGB_case_only_pois,XGB_case_weather_pois,1.7898992180118518,1.5701564435805264,12.276823869190068,0.9996950285672075,21.819166485544923,True
3,Deviance,XGB_case_weather_pois,XGB_full_pois,1.5701564435805264,1.5049065136409498,4.155632402512902,-0.06989097488547913,10.502576607481572,False
3,Deviance,XGB_full_pois,CAT_full_pois,1.5049065136409498,1.608225373531332,-6.865466987740923,-10.442487139642333,-0.07586543936546007,True
3,RMSE,XGB_case_weather_pois,XGB_full_pois,2.5348554505502894,2.5412411726434625,-0.2519166168543002,-5.3934379616702905,2.9948715066868994,False
