horizon,model,scope,n,RMSE,MAE,MAE_nonzero,RMSE_nonzero,Poisson_deviance
0,A_all_zero,All cities,2408,2.601031612361715,0.5485880398671097,2.246598639455782,5.263628246079426,7.939865227113982
0,A_all_zero,Tier 1,1004,3.977025655905313,1.0737051792828685,2.688279301745636,6.292932345594891,16.001115720413154
0,A_all_zero,Tier 2,1404,0.5410499447694666,0.17307692307692307,1.2994652406417113,1.4825184526901662,2.1752672960083106
0,B_persistence,All cities,2408,2.910628935014251,0.5830564784053156,1.7125850340136055,5.7842443753006565,2.7708045201820046
0,B_persistence,Tier 1,1004,4.452605665355442,1.0567729083665338,2.0423940149625937,6.9520983036017725,4.375847092224665
0,B_persistence,Tier 2,1404,0.5937710859953544,0.2443019943019943,1.0053475935828877,1.249598866117927,1.6230390341913834
0,C_poisson_regression,All cities,2408,2.4563679733756625,0.7865938438510633,1.3566468704825048,4.7921156634046636,1.6420226334530352
0,C_poisson_regression,Tier 1,1004,3.7018783453188675,1.0315933344800723,1.6733615964968802,5.764111616231531,2.314615935952996
0,C_poisson_regression,Tier 2,1404,0.7408202419654502,0.6113947779026838,0.6774885542698608,0.9806496155818203,1.1610513544573375
0,XGB_case_only_pois,All cities,2408,2.8411948376361,0.6368666417971006,1.6421681059663797,5.647502137583912,1.2469033076816713
0,XGB_case_only_pois,Tier 1,1004,4.357318553011334,1.0764123098368188,1.9783537607091919,6.792970165332385,2.0335618030697127
0,XGB_case_only_pois,Tier 2,1404,0.5175968229893968,0.3225476598085841,0.9212566217317938,1.1560465573014524,0.6843640417489124
0,XGB_case_only_sq,All cities,2408,2.967436193625116,0.6539011445156363,1.6893493448998653,5.897847151648494,1.2533909268184917
0,XGB_case_only_sq,Tier 1,1004,4.554681863772342,1.1100134127940315,2.045608078006497,7.097630406368842,2.0469394378699843
0,XGB_case_only_sq,Tier 2,1404,0.5174753696986659,0.32773539141627117,0.925393451981366,1.1618399815368283,0.6859246126477666
0,XGB_case_weather_pois,All cities,2408,2.2948663962363507,0.5585433706715456,1.55497070017974,4.590608447282751,1.1125942412104401
0,XGB_case_weather_pois,Tier 1,1004,3.507438772311421,0.9399529531360622,1.83802941869805,5.502940960355789,1.8015688879436955
0,XGB_case_weather_pois,Tier 2,1404,0.48494742975336635,0.2857974869148684,0.9479838225014389,1.1518440789770321,0.6199086676205625
0,XGB_case_weather_sq,All cities,2408,2.9168833684953643,0.6104036805280283,1.6678223190765802,5.7248143452173785,1.226399804302632
0,XGB_case_weather_sq,Tier 1,1004,4.480407414355958,1.056300789555646,2.0171952580759056,6.889802276528895,2.0569718300114475
0,XGB_case_weather_sq,Tier 2,1404,0.48731740874852564,0.29154278489859226,0.9186322199389896,1.122444909746518,0.632457985348465
0,XGB_full_pois,All cities,2408,2.341948167428527,0.5400310204011632,1.5162428560204246,4.6803964476075235,1.1157722620583461
0,XGB_full_pois,Tier 1,1004,3.582413754279906,0.9509851639325994,1.746622819945848,5.6072410519125615,1.8275420845029242
0,XGB_full_pois,Tier 2,1404,0.47903752260597166,0.24615782944278586,1.0222195109183139,1.2080194939225135,0.6067858648116535
0,XGB_full_sq,All cities,2408,2.9525605277062197,0.6002045361072251,1.6661838684452785,5.8353561454059095,1.2457508760879992
0,XGB_full_sq,Tier 1,1004,4.51903817975492,1.0710738757551013,1.9446805574260002,6.991757425633675,2.0604766232050964
0,XGB_full_sq,Tier 2,1404,0.5899326476841827,0.2634860054758378,1.0689797385989186,1.4976966248045775,0.6631407264401606
0,CAT_case_only_pois,All cities,2408,4.778696829921705,0.6970884573872167,1.891374182009072,9.611085687572254,1.3155817590982828
0,CAT_case_only_pois,Tier 1,1004,7.376064079220488,1.2093827039966731,2.3366206914525964,11.610834411040859,2.201364827136929
0,CAT_case_only_pois,Tier 2,1404,0.5098775778277378,0.3307469875895713,0.9365942339510326,1.1698152768447205,0.6821585395036952
0,CAT_case_only_rmse,All cities,2408,5.8546631735244725,0.7357163898086139,1.9554077596511343,11.808283698630488,1.3798944168682672
0,CAT_case_only_rmse,Tier 1,1004,9.047424613396867,1.2666632445864243,2.4504425363791404,14.278978508376376,2.3200876714666365
0,CAT_case_only_rmse,Tier 2,1404,0.5034744272019587,0.3560364452239117,0.8938625967210249,1.1054833027444317,0.7075624883662992
0,CAT_case_weather_pois,All cities,2408,2.7168059917579948,0.5991334621701339,1.6353039370764222,5.43253516575849,1.1823494844937044
0,CAT_case_weather_pois,Tier 1,1004,4.168683129346052,0.9989347508078711,1.9707129027740748,6.53480141189981,1.9443715193840538
0,CAT_case_weather_pois,Tier 2,1404,0.4819395478413158,0.3132356745687889,0.9160579732007076,1.1069984220845897,0.6374277444439101
0,CAT_case_weather_rmse,All cities,2408,5.650408419214582,0.6992016997324391,1.9448322755053455,11.4012153486092,1.4661584538696166
0,CAT_case_weather_rmse,Tier 1,1004,8.729987682911156,1.2087973880928167,2.4632627382680328,13.787306057297263,2.5178335125917655
0,CAT_case_weather_rmse,Tier 2,1404,0.5084457409066045,0.33478996816988976,0.8331177537522033,1.0515107104174553,0.7141059189999314
0,CAT_full_pois,All cities,2408,2.4391737630338914,0.5732476520904705,1.5770048033178141,4.882290935777968,1.1094616909857826
0,CAT_full_pois,Tier 1,1004,3.7369880305800987,0.9778384981823206,1.8590126106035625,5.8595955027387205,1.815936392410417
0,CAT_full_pois,Tier 2,1404,0.46656091701964464,0.28392485331823597,0.9722714839510499,1.151002933569056,0.6042618332718701
0,CAT_full_rmse,All cities,2408,4.869823351779236,0.6699372610691763,1.8532358265953475,9.814839466788596,1.416470955310997
0,CAT_full_rmse,Tier 1,1004,7.517665943315539,1.1622163592993937,2.307093902918397,11.861320165756958,2.4020431406554374
0,CAT_full_rmse,Tier 2,1404,0.509727136152246,0.31790861817520333,0.8799893634641024,1.0984043465202409,0.7116885663609842
0,RF_full,All cities,2408,4.470473849240543,0.6469591396975118,1.882008745128643,9.005497177135,1.3004550941964426
0,RF_full,Tier 1,1004,6.874294810790214,1.1798427838669372,2.2310868841604505,10.834783355232686,2.1434086397726846
0,RF_full,Tier 2,1404,0.6955575749396813,0.2658941975706577,1.1334508106272811,1.808765376864234,0.6976592539125771
1,A_all_zero,All cities,2377,2.6116627843096922,0.5464871687000421,2.2474048442906573,5.296241404088433,7.914487935416224
1,A_all_zero,Tier 1,991,3.9943198822699557,1.072653884964682,2.677581863979849,6.31079998681242,15.988072352690903
1,A_all_zero,Tier 2,1386,0.5385566730097122,0.17027417027417027,1.3038674033149171,1.4903001292149582,2.1418168260950057
1,B_persistence,All cities,2377,3.301304544481528,0.6293647454774927,1.8235294117647058,6.555327477639874,3.05692207184398
1,B_persistence,Tier 1,991,5.0520999020988375,1.136226034308779,2.1536523929471034,7.852384963956253,4.841971025664325
1,B_persistence,Tier 2,1386,0.6644986392449886,0.26695526695526695,1.0994475138121547,1.4083413699684608,1.7805991907213532
1,C_poisson_regression,All cities,2377,2.472534036359013,0.7895087123361332,1.356869754398887,4.819189979017376,1.6336314838371278
1,C_poisson_regression,Tier 1,991,3.720943431503163,1.0304127372246525,1.6676741386553022,5.776065193499577,2.2753748498819317
1,C_poisson_regression,Tier 2,1386,0.7648477109944554,0.6172605964165642,0.6751606905878552,0.9937132401698796,1.1747803469320768
1,XGB_case_only_pois,All cities,2377,3.617818764998759,0.7896974384910076,1.8152751295108696,6.4870204396864715,1.635387395375452
1,XGB_case_only_pois,Tier 1,991,5.554714874818174,1.3462812199842797,2.1935217580206747,7.774056194409249,2.8090071951512794
1,XGB_case_only_pois,Tier 2,1386,0.6209826527582271,0.39173601896731886,0.9856402592435067,1.3502545749049946,0.7962407708604123
1,XGB_case_only_sq,All cities,2377,3.7109640261226136,0.8032257648441137,1.8582117498488162,6.650778482170857,1.6690732851235626
1,XGB_case_only_sq,Tier 1,991,5.698591570049824,1.3753901775080548,2.255292361419207,7.969801147575165,2.8866643801377463
1,XGB_case_only_sq,Tier 2,1386,0.6314224968961568,0.3941240816190301,0.9872669830342025,1.390677152058653,0.7984868672598858
1,XGB_case_weather_pois,All cities,2377,2.43238798065136,0.5838465748129896,1.6249824776136959,4.8537116316261875,1.3109085983188293
1,XGB_case_weather_pois,Tier 1,991,3.718231693305637,0.9841275462085676,1.9248693702315502,5.800549514952941,2.236891464922745
1,XGB_case_weather_pois,Tier 2,1386,0.5115742825851669,0.2976427922350547,0.9672195142474622,1.1967078468116348,0.6488241677239661
1,XGB_case_weather_sq,All cities,2377,7.289276924516811,0.777578072941679,1.775166277026848,5.82157182278714,1.719652539755048
1,XGB_case_weather_sq,Tier 1,991,11.266834964798283,1.412260950925477,2.146008931395952,6.977544554110341,3.103469908146438
1,XGB_case_weather_sq,Tier 2,1386,0.6002474049362766,0.3237752359417194,0.9617710627476526,1.199518568629699,0.7302131371029071
1,XGB_full_pois,All cities,2377,2.4297288762800506,0.560464991160994,1.5879160551786113,4.848330016086228,1.2576188202083474
1,XGB_full_pois,Tier 1,991,3.7162254915436135,0.9948727226657295,1.831455934389262,5.787082691055905,2.1259102646085077
1,XGB_full_pois,Tier 2,1386,0.5001994385835788,0.2498603288801911,1.0537429499486204,1.267930469175269,0.6367841727331968
1,XGB_full_sq,All cities,2377,5.777925695014104,0.7239362114974206,1.7319446318270477,5.609618836389807,1.6772618223778633
1,XGB_full_sq,Tier 1,991,8.879051966555263,1.307701907206165,1.9656210842000448,6.574047477507385,2.894064128889971
1,XGB_full_sq,Tier 2,1386,0.9407993270020751,0.3065395271919619,1.2194056727547837,2.3864444333735864,0.8072393939842852
1,CAT_case_only_pois,All cities,2377,3.559954191438542,0.7908068674725662,1.8055468843383062,6.428136492275397,1.6583064326151111
1,CAT_case_only_pois,Tier 1,991,5.469025613797267,1.339524673421992,2.191386816931431,7.7073005340526,2.8647646265569104
1,CAT_case_only_pois,Tier 2,1386,0.5905233670635099,0.3984696772157976,0.9592570874351549,1.2889617237631854,0.795680119342151
1,CAT_case_only_rmse,All cities,2377,3.3991320269904843,0.7963230481054233,1.7990415334678715,6.234704537516182,1.6817848961973716
1,CAT_case_only_rmse,Tier 1,991,5.215688948017935,1.3247263162919505,2.186587589809618,7.471532990912076,2.884722407106135
1,CAT_case_only_rmse,Tier 2,1386,0.6039263788992661,0.418510898918664,0.9490095756354212,1.29959583458078,0.8216758966947852
1,CAT_case_weather_pois,All cities,2377,2.5027648556002027,0.6210544279961508,1.6227037472018444,4.915124061571507,1.3906149584632648
1,CAT_case_weather_pois,Tier 1,991,3.8205309444492244,1.012276259723051,1.9353434925724546,5.876877636274837,2.373238238118232
1,CAT_case_weather_pois,Tier 2,1386,0.5531230317994625,0.3413279956430785,0.9369690570795667,1.1802184366734358,0.6880322238759107
1,CAT_case_weather_rmse,All cities,2377,3.6761641318741582,0.699551606778321,1.7029364486842038,5.454740482523797,1.5874065245220823
1,CAT_case_weather_rmse,Tier 1,991,5.6527916203226365,1.1846021685722736,2.076879778927513,6.537150529654526,2.8143735228942663
1,CAT_case_weather_rmse,Tier 2,1386,0.5740578021309103,0.35273695545234174,0.8827403044488799,1.133108395507354,0.710116268110225
1,CAT_full_pois,All cities,2377,2.4587961370735236,0.5858064368131718,1.5805876812300148,4.908162144993256,1.2793375482914078
1,CAT_full_pois,Tier 1,991,3.757633497070962,0.9879254990391954,1.84579586918413,5.861193622014156,2.1881887984466903
1,CAT_full_pois,Tier 2,1386,0.5221268856504994,0.29828840602962964,0.9988879540599389,1.256313696752648,0.6295023470620534
1,CAT_full_rmse,All cities,2377,3.268510352005238,0.6633284996545284,1.7029680988170017,5.694314876614758,1.5989099160363989
1,CAT_full_rmse,Tier 1,991,4.903363395261282,1.132616657944748,1.9565230441629786,6.60755310257067,2.8093102322186603
1,CAT_full_rmse,Tier 2,1386,1.0633896156500244,0.32778408055957364,1.1468282463178152,2.7899329077719366,0.7334649569190674
1,RF_full,All cities,2377,3.7425001105021503,0.687458455496108,1.940202957925709,7.392210852337635,1.5419039944590238
1,RF_full,Tier 1,991,4.260735764440149,1.1078764176082545,1.9242188195469054,6.439205352615993,2.3791349290156125
1,RF_full,Tier 2,1386,3.3227654439741854,0.3868565792672935,1.9752620901709301,9.140924748130391,0.9432778356238293
2,A_all_zero,All cities,2346,2.6278883350418973,0.5502983802216539,2.256993006993007,5.321975814810377,7.976388133237924
2,A_all_zero,Tier 1,978,4.0195076461914345,1.0807770961145193,2.6895674300254453,6.340828563384205,16.122408446548487
2,A_all_zero,Tier 2,1368,0.5407380704358751,0.17105263157894737,1.3072625698324023,1.4948701855038717,2.1526981724062497
2,B_persistence,All cities,2346,3.37932886792821,0.6807331628303496,1.9755244755244756,6.676857013626964,3.549336937784187
2,B_persistence,Tier 1,978,5.171595379861627,1.2484662576687116,2.3689567430025447,7.99920479508367,5.965085504321008
2,B_persistence,Tier 2,1368,0.6807718357846929,0.27485380116959063,1.111731843575419,1.404303043899765,1.822288620479354
2,C_poisson_regression,All cities,2346,2.4995159668336813,0.8052863607257664,1.3746930671096858,4.870718999580109,1.695901726717028
2,C_poisson_regression,Tier 1,978,3.7574933282814147,1.0466268066306643,1.6783862705794803,5.833636785733078,2.3721077957907863
2,C_poisson_regression,Tier 2,1368,0.7876418293266929,0.6327491121183175,0.707925307536338,1.0457811268217174,1.2124737036511397
2,XGB_case_only_pois,All cities,2346,2.7392156336279765,0.8133349577941553,1.6802553502204536,5.400807113189164,1.6580688158639674
2,XGB_case_only_pois,Tier 1,978,4.173222564957112,1.2429838242706346,2.065164721497446,6.473883434271333,2.632209642964255
2,XGB_case_only_pois,Tier 2,1368,0.6455583141216491,0.506173706760532,0.8351749987575595,1.0919151180685533,0.9616435754370075
2,XGB_case_only_sq,All cities,2346,2.9097947224060494,0.8236379051376181,1.6978259175182222,5.742290569741834,1.7287833286341192
2,XGB_case_only_sq,Tier 1,978,4.442030769268552,1.2627551578488088,2.0985504604174587,6.889093674548076,2.793113890095893
2,XGB_case_only_sq,Tier 2,1368,0.643125229244858,0.5097075885063723,0.8180228708176639,1.081701493534304,0.9678803395189034
2,XGB_case_weather_pois,All cities,2346,2.485678966306694,0.6168713458017379,1.6371733442769496,4.935775865846399,1.426334736708586
2,XGB_case_weather_pois,Tier 1,978,3.7980116373605686,1.0296124829386946,1.9451702833554823,5.89896504554689,2.4665536076481733
2,XGB_case_weather_pois,Tier 2,1368,0.5321880904604132,0.3217976381117206,0.9609566009369309,1.203965469375113,0.6826694912561616
2,XGB_case_weather_sq,All cities,2346,2.745340554770207,0.7256977956570154,1.769799815701692,5.1717143564417185,1.9138197911447414
2,XGB_case_weather_sq,Tier 1,978,4.005027453098348,1.131929589105972,2.105222133966992,6.178318490235878,3.1205193993001554
2,XGB_case_weather_sq,Tier 2,1368,1.2073712439067652,0.435277697708858,1.0333698096778765,1.2894622257373527,1.0511354221564415
2,XGB_full_pois,All cities,2346,2.481897630880418,0.5855455114942867,1.587260887010505,4.9245263616613695,1.3557499960255919
2,XGB_full_pois,Tier 1,978,3.7926054891117946,1.0331296146083586,1.830077512403026,5.877619712849675,2.3211874627150504
2,XGB_full_pois,Tier 2,1368,0.5294792412714923,0.2655621395311563,1.0541495251151936,1.2833453012948317,0.6655468948397071
2,XGB_full_sq,All cities,2346,2.7870234799421474,0.7029772064317484,1.7651187979316638,5.29077539376663,1.8596893418721951
2,XGB_full_sq,Tier 1,978,4.088622437408622,1.1527431742716694,2.0486713910342664,6.3085866543517355,2.8952787920886736
2,XGB_full_sq,Tier 2,1368,1.1702612584746404,0.38143399258127864,1.1425703672650556,1.4394281719418025,1.1193337261472571
2,CAT_case_only_pois,All cities,2346,2.677898285417713,0.8041825269680054,1.6572600416916234,5.2883938775906625,1.6703245056699487
2,CAT_case_only_pois,Tier 1,978,4.08046201355722,1.21982198534944,2.0401085786227324,6.337576149338573,2.6611559841695667
2,CAT_case_only_pois,Tier 2,1368,0.6280633278644447,0.507036773826892,0.8167043153568443,1.0892884481620453,0.9619669135846958
2,CAT_case_only_rmse,All cities,2346,2.721203623121485,0.8147323726126023,1.66376045924432,5.386036139584992,1.6937630992616763
2,CAT_case_only_rmse,Tier 1,978,4.147739948235557,1.2234680782308354,2.053265028025106,6.456115668072703,2.6808485544471985
2,CAT_case_only_rmse,Tier 2,1368,0.6321933846113538,0.5225221971048304,0.8085912104686293,1.0897352163117364,0.9880835852474651
2,CAT_case_weather_pois,All cities,2346,2.497075564824661,0.6370769018576954,1.6553528567198772,4.9695065885222816,1.5079659923750814
2,CAT_case_weather_pois,Tier 1,978,3.8070871614399606,1.0224275437629355,1.9884019933793051,5.941579014126641,2.58766016232623
2,CAT_case_weather_pois,Tier 2,1368,0.5755558353010852,0.3615849955833349,0.9241332438307436,1.187179219382889,0.7360793708749187
2,CAT_case_weather_rmse,All cities,2346,2.603223690210937,0.670087084857049,1.6806062803210173,5.048834318342891,1.7686769998667893
2,CAT_case_weather_rmse,Tier 1,978,3.879767910391225,1.0394959993980182,2.016967298067938,6.034819155831547,2.831959399882385
2,CAT_case_weather_rmse,Tier 2,1368,0.9275151367823268,0.40599211525100526,0.942115330742583,1.2236332004180284,1.008523354241605
2,CAT_full_pois,All cities,2346,2.512165305859963,0.6159672705029612,1.6266615286919957,5.005456897559662,1.4302800237125521
2,CAT_full_pois,Tier 1,978,3.836015743127322,1.0268585176559464,1.9255323138539204,5.981843998864676,2.4732272282044274
2,CAT_full_pois,Tier 2,1368,0.5502922010209699,0.32221607188043216,0.9704815366884405,1.2252571035389928,0.6846642590977466
2,CAT_full_rmse,All cities,2346,2.5468028799948637,0.626957928403601,1.6264426840097639,5.036419181328622,1.706226813964789
2,CAT_full_rmse,Tier 1,978,3.850088824836489,1.040816539060822,1.9034589066463532,5.993245685888223,2.724464887899665
2,CAT_full_rmse,Tier 2,1368,0.7252559569225622,0.3310853251705876,1.0182450555394866,1.4815660777760502,0.9782759102306449
2,RF_full,All cities,2346,2.6801898462105034,0.6577126536988004,1.6510846532384995,5.06015083445112,1.524462743272763
2,RF_full,Tier 1,978,3.937801218593353,1.129472710164939,1.9209433497894057,6.043201958419386,2.489231587543173
2,RF_full,Tier 2,1368,1.1105413981755523,0.3204455957866046,1.058601593213325,1.2808394694526084,0.8347376484654089
3,A_all_zero,All cities,2332,2.6379601246438464,0.5540308747855918,2.2666666666666666,5.335745068741243,8.036170672092792
3,A_all_zero,Tier 1,973,4.03326354204494,1.0873586844809866,2.7058823529411766,6.362453804494163,16.233789216308985
3,A_all_zero,Tier 2,1359,0.5425256391807729,0.17218543046357615,1.3072625698324023,1.4948701855038717,2.1669412066605958
3,B_persistence,All cities,2332,3.421629315079487,0.6938250428816467,1.8456140350877193,5.064149882762922,3.5304531748477697
3,B_persistence,Tier 1,973,5.234284951327716,1.2702980472764644,2.186700767263427,6.046918007655169,5.897170345685414
3,B_persistence,Tier 2,1359,0.6883878640427176,0.28108903605592345,1.100558659217877,1.3391400559259943,1.8359603071325186
3,C_poisson_regression,All cities,2332,2.5216837505458085,0.8360953456791942,1.3789814018185829,4.895700356206195,1.7956669363168547
3,C_poisson_regression,Tier 1,973,3.786106589683596,1.0830433215542752,1.702599613181867,5.871758694101444,2.5312228085008637
3,C_poisson_regression,Tier 2,1359,0.8053172165336323,0.6592885903249236,0.6720835211311861,1.0054894416053775,1.2690327467399296
3,XGB_case_only_pois,All cities,2332,2.8634597015038676,0.8587946995939439,1.7006652483814642,5.356200721328827,1.7898992180118514
3,XGB_case_only_pois,Tier 1,973,4.36374198372775,1.3058877475521424,2.1132190450073205,6.426499998057753,2.8631137522442485
3,XGB_case_only_pois,Tier 2,1359,0.6605128227471369,0.538690552674645,0.7995002512825268,1.0686056944139672,1.0215123586975596
3,XGB_case_only_sq,All cities,2332,2.9493186392320467,0.8707416316919272,1.7045260733810432,5.376890219582502,1.8346967356463895
3,XGB_case_only_sq,Tier 1,973,4.498089602606529,1.3283285322577099,2.1239155871064765,6.452196060754714,2.958908569748515
3,XGB_case_only_sq,Tier 2,1359,0.6635313552912325,0.5431242260624154,0.7884294260813537,1.0612117837700654,1.0297974607520792
3,XGB_case_weather_pois,All cities,2332,2.5348554505502894,0.6548507748248366,1.6838426327757667,5.005999790999198,1.5701564435805258
3,XGB_case_weather_pois,Tier 1,973,3.8709473175933744,1.0950097028751842,2.006325200171498,5.987505799805281,2.76693742436756
3,XGB_case_weather_pois,Tier 2,1359,0.5456287358777181,0.33971123325530883,0.9794254045538063,1.2208182014773359,0.7133000092127675
3,XGB_case_weather_sq,All cities,2332,2.815916992214006,0.7163902137327283,1.7858343649753614,5.3186349839367555,1.9047758789149585
3,XGB_case_weather_sq,Tier 1,973,4.210803035029342,1.1657762939475558,2.1394603466972364,6.359741935022892,3.1763495877225787
3,XGB_case_weather_sq,Tier 2,1359,0.9549087301172976,0.3946443299586097,1.0133887847895895,1.3151042992989581,0.9943702728297377
3,XGB_full_pois,All cities,2332,2.5412411726434625,0.6260618260968955,1.62925836749767,4.993855265289551,1.50490651364095
3,XGB_full_pois,Tier 1,973,3.884418693267136,1.1160856385438684,1.891582415308184,5.965933272173025,2.6542746335844636
3,XGB_full_pois,Tier 2,1359,0.527761294236564,0.27522064176216077,1.0562488552411842,1.2911037440412234,0.6819961525629229
3,XGB_full_sq,All cities,2332,2.789127696787642,0.694853348965675,1.7275863709075279,5.272324221586076,1.823990235834416
3,XGB_full_sq,Tier 1,973,4.174533994956755,1.1734731186560345,2.0098271058191117,6.288053169123967,2.8859259161967716
3,XGB_full_sq,Tier 2,1359,0.933774659746739,0.3521770900188612,1.1110716929721682,1.4656799829358642,1.0636786707184687
3,CAT_case_only_pois,All cities,2332,2.886787651376317,0.8558071147673393,1.7020333641535441,5.3721256121622725,1.7814056571488799
3,CAT_case_only_pois,Tier 1,973,4.404709092522724,1.3069042826053479,2.1192819927873967,6.446092825633593,2.8570833653253693
3,CAT_case_only_pois,Tier 2,1359,0.6397430011398682,0.5328361476544752,0.7906131753499885,1.0653823393757975,1.0112552450401793
3,CAT_case_only_rmse,All cities,2332,2.7563282317714823,0.8548101176615795,1.6667651281049152,5.255088526112614,1.7916649394066904
3,CAT_case_only_rmse,Tier 1,973,4.198330617025688,1.2812129386505036,2.0807904174536542,6.30537992229755,2.8405137489963006
3,CAT_case_only_rmse,Tier 2,1359,0.645885134864952,0.5495195033700246,0.7623858647788992,1.0458445191526304,1.0407231500537162
3,CAT_case_weather_pois,All cities,2332,2.5711370296382046,0.6739690233624573,1.677497927020538,5.083606052079844,1.6287040743745904
3,CAT_case_weather_pois,Tier 1,973,3.920652192298445,1.0760626052165745,2.0306416232599815,6.087201333170178,2.817408824550033
3,CAT_case_weather_pois,Tier 2,1359,0.5816522939759778,0.386083037237324,0.9061058307656636,1.1637373172057173,0.7776299596426511
3,CAT_case_weather_rmse,All cities,2332,2.646502650397819,0.7181526697671137,1.717162440377759,5.1127847256456445,1.7822733691893438
3,CAT_case_weather_rmse,Tier 1,973,3.945277209115744,1.1014531555406337,2.074869042925479,6.113396359504241,2.9359318571976796
3,CAT_case_weather_rmse,Tier 2,1359,0.9350981248746423,0.4437219319763595,0.9358033253154217,1.2663237537551648,0.9562912434850681
3,CAT_full_pois,All cities,2332,2.687931281528558,0.6608731532809212,1.7027240096491223,5.325106696863164,1.6082253735313317
3,CAT_full_pois,Tier 1,973,4.11121385376493,1.132178763501129,2.051548108764834,6.378544971161236,2.8840756832407934
3,CAT_full_pois,Tier 2,1359,0.5445005665247317,0.32343359570604124,0.9407674579494383,1.1940076258341408,0.6947578596628208
3,CAT_full_rmse,All cities,2332,2.6795930254126286,0.6949177394638655,1.6816873400716241,5.168009870957216,1.8501738425071461
3,CAT_full_rmse,Tier 1,973,3.9882841849810458,1.120479346912835,1.9957843915520788,6.177368596715736,2.922686304309164
3,CAT_full_rmse,Tier 2,1359,0.9656851792330658,0.39022940683115953,0.9955870767819159,1.301549716906481,1.0822896443221839
3,RF_full,All cities,2332,2.65101441941644,0.6840430546638737,1.7419719104157698,5.119679409324205,1.6508147269966875
3,RF_full,Tier 1,973,4.028073027288073,1.2170949474186885,2.025068496744328,6.099972075221182,2.8245756911187496
3,RF_full,Tier 2,1359,0.665408833947953,0.30239515793802035,1.1235877469829982,1.4786375304249189,0.8104398792477792
