held_out_city,tier,horizon,model,n,RMSE,MAE,MAE_nonzero,RMSE_nonzero,Poisson_deviance
Cagayan de Oro City,Tier 2,2,A_all_zero,194,0.8525280779606852,0.3556701030927835,1.38,1.6792855623746665,4.5465263132192755
Cagayan de Oro City,Tier 2,2,B_persistence,194,1.0721401662480863,0.5618556701030928,1.2,1.6492422502470643,3.6041007661432225
Cagayan de Oro City,Tier 2,2,XGB_case_weather_pois,194,0.8269246305826095,0.5655875819706425,0.9260675388574601,1.34211798419265,1.152568547978545
Cagayan de Oro City,Tier 2,2,CAT_case_weather_pois,194,0.8319920914181681,0.5890213267442655,0.9104344249150569,1.3245061697388085,1.1559839336790145
Cagayan de Oro City,Tier 2,2,XGB_full_pois,194,0.7977646711369983,0.5033939467339786,1.0632827055454255,1.439579854895487,1.150995054810178
Cagayan de Oro City,Tier 2,2,CAT_full_pois,194,0.8048965011259304,0.5741857352215242,0.8916881797460525,1.3183810111793288,1.1255706224554611
City of Mandaluyong,Tier 2,2,A_all_zero,198,0.8008833506910613,0.3383838383838384,1.488888888888889,1.679947089113887,4.348672875923065
City of Mandaluyong,Tier 2,2,B_persistence,198,0.9320337272260424,0.47474747474747475,1.2222222222222223,1.498147003616282,3.0529393021114974
City of Mandaluyong,Tier 2,2,XGB_case_weather_pois,198,0.790152493625865,0.429209485537175,1.0648338580297099,1.3070319643244461,0.8918059170003897
City of Mandaluyong,Tier 2,2,CAT_case_weather_pois,198,0.9121585908872791,0.44422512693229405,1.0667866664178607,1.317311782025828,0.9205279172876376
City of Mandaluyong,Tier 2,2,XGB_full_pois,198,0.7619518364474887,0.39836325176587006,1.156941061798069,1.3876535854603582,0.9265506475636192
City of Mandaluyong,Tier 2,2,CAT_full_pois,198,1.0272080170023055,0.5198010514423232,0.9200829247138043,1.2152792201085785,0.9469233326233303
City of Muntinlupa,Tier 2,2,A_all_zero,198,0.5075192189225523,0.15656565656565657,1.3478260869565217,1.4890907643081486,1.9744976244942876
City of Muntinlupa,Tier 2,2,B_persistence,198,0.6666666666666666,0.26262626262626265,1.173913043478261,1.3987572123604706,1.8617432926311284
City of Muntinlupa,Tier 2,2,XGB_case_weather_pois,198,0.47834224496282707,0.29090942083058335,0.9811533718653347,1.1643451996623553,0.5952436687381126
City of Muntinlupa,Tier 2,2,CAT_case_weather_pois,198,0.5202395357539561,0.32309923093763954,0.9774445199226883,1.191145785288189,0.6326040729498773
City of Muntinlupa,Tier 2,2,XGB_full_pois,198,1.0106396660816408,0.8184701670901944,0.7530715530333312,1.0383010618944342,1.5239896004626465
City of Muntinlupa,Tier 2,2,CAT_full_pois,198,0.8682115747535434,0.6906433790606353,0.7633121285469742,1.1091423764444956,1.2784837091149992
City of Navotas,Tier 1,2,A_all_zero,198,1.0730867399773196,0.48484848484848486,1.6,1.9493588689617927,6.361139950499361
City of Navotas,Tier 1,2,B_persistence,198,1.2949006435891817,0.7474747474747475,1.4,1.7320508075688772,4.1610080324662935
City of Navotas,Tier 1,2,XGB_case_weather_pois,198,0.9483752485177782,0.5141689511147713,1.2389106748004755,1.6185121012731045,1.256035304234439
City of Navotas,Tier 1,2,CAT_case_weather_pois,198,0.9868310780287196,0.5499332241627924,1.2254221328596777,1.6084203359696063,1.1967442398003583
City of Navotas,Tier 1,2,XGB_full_pois,198,0.9403470205478541,0.4919416673500279,1.330493150682499,1.6548236316861142,1.4725599472255317
City of Navotas,Tier 1,2,CAT_full_pois,198,0.9402986124147579,0.473113421500201,1.351802394533568,1.6881585876269598,1.6103649560088864
Dagupan City,Tier 1,2,A_all_zero,198,0.915633026044735,0.31313131313131315,1.7714285714285714,2.177810171446801,4.184864936601757
Dagupan City,Tier 1,2,B_persistence,198,1.0777829844714388,0.4444444444444444,1.4,1.7647338933351153,2.579201270502084
Dagupan City,Tier 1,2,XGB_case_weather_pois,198,0.881282115034666,0.4516344663470682,1.1636306266699519,1.4916444445442318,0.8555729780004371
Dagupan City,Tier 1,2,CAT_case_weather_pois,198,0.8253439987137094,0.44572069067399384,1.223306949041799,1.5297167214491905,0.8648939729097702
Dagupan City,Tier 1,2,XGB_full_pois,198,0.8357350193422598,0.4020236412608864,1.4675381988286973,1.8093222029218674,0.9711859518302924
Dagupan City,Tier 1,2,CAT_full_pois,198,0.793521874424709,0.4120679888910563,1.3850939982999082,1.7359078548322353,0.9055651858969677
Davao City,Tier 1,2,A_all_zero,194,2.0192373777317183,1.2422680412371134,2.1327433628318584,2.6457513110645907,17.063295475313662
Davao City,Tier 1,2,B_persistence,194,2.094420668859131,1.3144329896907216,1.6371681415929205,2.444064509671058,7.35241167602892
Davao City,Tier 1,2,XGB_case_weather_pois,194,1.7696444744961208,1.104958440551592,1.680631227923178,2.2966410531093837,3.169274982143511
Davao City,Tier 1,2,CAT_case_weather_pois,194,1.7308296603569087,1.1045021124892673,1.5700104864695408,2.217437264649796,2.563820635588865
Davao City,Tier 1,2,XGB_full_pois,194,1.6587744148360812,1.0862068319597196,1.4103116662101407,2.074053776291295,2.2263587777570177
Davao City,Tier 1,2,CAT_full_pois,194,1.7239180019919693,1.1066080098889202,1.597179333403611,2.223871413694666,2.5861030577208095
Iloilo City,Tier 1,2,A_all_zero,194,3.644654325809126,2.304123711340206,3.4122137404580153,4.435285303697028,34.24052710520607
Iloilo City,Tier 1,2,B_persistence,194,2.8046353384073477,1.8453608247422681,2.3282442748091605,3.242136700029687,6.96786201991086
Iloilo City,Tier 1,2,XGB_case_weather_pois,194,3.0943229884454526,1.9262717898512625,2.709175275567606,3.7506860029099527,5.035676760016166
Iloilo City,Tier 1,2,CAT_case_weather_pois,194,3.018660379347762,1.8861052137033083,2.644445481531331,3.6556856142664333,4.7219971631786315
Iloilo City,Tier 1,2,XGB_full_pois,194,3.205482006485794,1.9952094842362957,2.8228583056337504,3.8888447639194705,5.764876121538117
Iloilo City,Tier 1,2,CAT_full_pois,194,3.214404051164453,1.9993708341754066,2.855176558902652,3.904259258445044,6.1081698761194705
Legazpi City,Tier 2,2,A_all_zero,194,0.36608826607349904,0.1134020618556701,1.1,1.140175425099138,1.3704866480396583
Legazpi City,Tier 2,2,B_persistence,194,0.497416003373807,0.20618556701030927,0.9,1.0488088481701516,1.3534245746795697
Legazpi City,Tier 2,2,XGB_case_weather_pois,194,0.43729045585127496,0.37011721622698085,0.7173556447029114,0.8097104694649336,0.7175650034397582
Legazpi City,Tier 2,2,CAT_case_weather_pois,194,0.5448144294953401,0.43748146936491716,0.6606946542487367,0.7662352699258863,0.8404043331323274
Legazpi City,Tier 2,2,XGB_full_pois,194,0.36362785808296305,0.2573620516845246,0.8880148902535439,0.9499333221691895,0.5549924929736483
Legazpi City,Tier 2,2,CAT_full_pois,194,0.4897782310834738,0.3759119032821338,0.6860545265561387,0.815156551949107,0.7484954521137253
Mandaue City,Tier 2,2,A_all_zero,193,0.3876326448552972,0.10880829015544041,1.1666666666666667,1.2692955176439846,1.3361449957072447
Mandaue City,Tier 2,2,B_persistence,193,0.5338296481690097,0.19170984455958548,0.9444444444444444,1.1785113019775793,1.2983105799981407
Mandaue City,Tier 2,2,XGB_case_weather_pois,193,0.414335133687966,0.30075477409162055,0.8399890938566791,1.0209241978806727,0.6258983808735976
Mandaue City,Tier 2,2,CAT_case_weather_pois,193,0.38969013764217736,0.27318850691009444,0.8624142959147673,1.0350573397892757,0.5750572989119549
Mandaue City,Tier 2,2,XGB_full_pois,193,0.3704355294711003,0.21753548394521902,0.9699700814154413,1.1081248260697851,0.51487045259991
Mandaue City,Tier 2,2,CAT_full_pois,193,0.3887136436356156,0.27243767046261946,0.881244457542198,1.035964570280199,0.5658852975422205
Palayan City,Tier 2,2,A_all_zero,198,0.23570226039551584,0.045454545454545456,1.125,1.1726039399558574,0.5530716350702942
Palayan City,Tier 2,2,B_persistence,198,0.3178208630818641,0.08080808080808081,1.0,1.118033988749895,0.5741246120502727
Palayan City,Tier 2,2,XGB_case_weather_pois,198,0.3321421628707486,0.24265466391513443,0.7907199673354626,0.881553143277522,0.48145260759864333
Palayan City,Tier 2,2,CAT_case_weather_pois,198,0.35660468848456706,0.2967060594362323,0.7469420346953508,0.8655686428431323,0.589346098581085
Palayan City,Tier 2,2,XGB_full_pois,198,0.3313285376601503,0.2516582119607865,0.8199997860938311,0.9249502269538514,0.5141803297139563
Palayan City,Tier 2,2,CAT_full_pois,198,0.31057338696288006,0.2576506950000566,0.8254090404052139,0.9192538001343424,0.5181315874987041
Tacloban City,Tier 2,2,A_all_zero,193,0.2787834414987483,0.07772020725388601,1.0,1.0,0.9203039293754617
Tacloban City,Tier 2,2,B_persistence,193,0.3808906932536602,0.14507772020725387,0.9333333333333333,0.9660917830792959,1.0040059472098437
Tacloban City,Tier 2,2,XGB_case_weather_pois,193,0.5847349248304954,0.4502623044919474,0.5574293156464895,0.5852715745611096,0.8640211522663773
Tacloban City,Tier 2,2,CAT_case_weather_pois,193,0.5542920713810254,0.47465291963865414,0.48690573571885415,0.5277368442543598,0.9136227358993237
Tacloban City,Tier 2,2,XGB_full_pois,193,0.2965936910038144,0.19798142881822708,0.8230994542439779,0.8343168453834894,0.43963931821404745
Tacloban City,Tier 2,2,CAT_full_pois,193,0.350468541846729,0.2896202518308546,0.6875785844617662,0.7068377471317553,0.5652918186800185
Zamboanga City,Tier 1,2,A_all_zero,194,7.877607570254298,1.0876288659793814,3.9074074074074074,14.931324269616692,19.209612950812218
Zamboanga City,Tier 1,2,B_persistence,194,10.939854312153066,1.9175257731958764,5.703703703703703,20.55075018906447,8.871954042401496
Zamboanga City,Tier 1,2,XGB_case_weather_pois,194,7.742941125589156,1.191379444808075,3.598177695715869,14.651233944337196,5.154594529352678
Zamboanga City,Tier 1,2,CAT_case_weather_pois,194,7.738603869181096,1.2058342300443143,3.692346686372894,14.659534367320193,5.120818836844175
Zamboanga City,Tier 1,2,XGB_full_pois,194,7.763607896274663,1.2341810155314268,3.4234981667940265,14.692063755213276,5.473040503487419
Zamboanga City,Tier 1,2,CAT_full_pois,194,7.816300845797507,1.191129221017245,3.59439063925493,14.807312882371408,6.354071570242137
