,mean_abs_shap
cases_lag1,0.38226452
humidity_mean_14d_lag,0.38025886
pop_count_total,0.24924672
toilet_count,0.19951439
rain_sum_30d_lag,0.17934361
google_bldgs_pct_built_up_area,0.17463589
cases_lag2,0.14380099
rain_sum_7d_lag,0.13124576
rain_sum_14d_lag,0.12910956
ndvi_mean_14d_lag,0.12133486
pop_density_mean,0.09004126
temperature_mean_14d_lag,0.06565663
brgy_is_coastal,0.055676434
pct_area_flood_hazard_100yr_high,0.052326854
brgy_distance_to_coast,0.045898784
toilet_count_per_10000_pop,0.03849478
google_bldgs_density,0.028901393
case_velocity,0.020388825
population_per_km2_2020,0.0013868866
